Metric,Train_CO2,Train_CH4,Test_CO2,Test_CH4
MSE,0.5245934010535624,0.00022183992080793664,0.29691364214788685,0.0003550019652034351
MAE,0.409689754232596,0.00972655907767063,0.303369946954712,0.01310165351650557
RMSE,0.7242882030335455,0.014894291551058635,0.5448978272556121,0.018841495832428886
R-squared,0.7950962807036879,0.6531211661584231,0.6553816767194633,0.4958446175365103
